date,home_team,away_team,home_score,away_score,result
2025-04-18,1114 21 Αποτελσματα Πμε Στοχημα ΟΠΑΠ Πμπτη 17 04 Παρασκευ 18 04 Σββατο 19 04 λα Επιλεγμνα Live Τελικ Προγ λα Κουπνι ρα Διοργανωση ΔIO ΩΡΑ ΚΩΔ ΟΜΑΔΕΣ 1 Χ 2 ΗΜΙΧ ΣΚΟΡ ΛΕΠ ΤΕΛ,- Μασατλν Γ Σντος Λαγκονα Γ 1 - 11 - 22 06,6,6,draw
2025-04-18,Πμπτη 17 04 Παρασκευ 18 04 Σββατο 19 04 λα Επιλεγμνα Live Τελικ Προγ λα Κουπνι ρα Διοργανωση ΔIO ΩΡΑ ΚΩΔ ΟΜΑΔΕΣ 1 Χ 2 ΗΜΙΧ ΣΚΟΡ ΛΕΠ ΤΕΛ,- Μασατλν Γ Σντος Λαγκονα Γ 1 - 11 - 22 06,6,6,draw
2025-04-18,ΔIO ΩΡΑ ΚΩΔ ΟΜΑΔΕΣ 1 Χ 2 ΗΜΙΧ ΣΚΟΡ ΛΕΠ ΤΕΛ,- Μασατλν Γ Σντος Λαγκονα Γ 1 - 11 - 22 06,6,6,draw
2025-04-18,06 - Μασατλν Γ Σντος Λαγκονα Γ,- 22 06,1,11,away
2025-04-18,06 - Μασατλν Γ Σντος Λαγκονα Γ,1 - 2 2,1,1,draw
2025-04-18,30 1586 Σδνε Γιουθ Γλονγκονγκ Γουλβς 2.62 3.85 2.07,2 - 2 X,2,0,home
2025-04-18,00 1587 Οσκα Θσπα Γκονμα,4 - 3 1,0,2,away
2025-04-18,15 1526 Νρθερν Τιγκερς Μπνιριγκ Γουιτ Ιγκλς 1.47 4.25 4.75,3 - 0 1,1,0,home
2025-04-18,50 - Αντελαντ Γιουνιτεντ Γ Σδνε Γ,2 - 1 1,1,1,draw
2025-04-18,00 - Ουν. Κραβα 1948 Ουνιρα Ουνγκεν,2 - 0 1,1,0,home
2025-04-18,00 - Κορβινολ Ουνεντορα Μεταλολ Μπουζου,5 - 0 1,2,0,home
2025-04-18,00 - Φοσκνι Μπχορ Ορντεα,1 - 1 X,1,0,home
2025-04-18,00 - Μεταλογκλμπους Βολουντρι,0 - 0 X,0,0,draw
2025-04-18,00 - Αφουμτι CSM Σλατνα,1 - 1 X,1,0,home
2025-04-18,00 - Τσεαχλουλ Πιτρα Ναμτς Κονκρντια Κιζνα,1 - 1 X,0,1,away
2025-04-18,00 - Καμπουλονγκ Μουσκλ Σχντια Ταργκβιστε,1 - 1 X,0,0,draw
2025-04-18,00 1558 Μνλι Γιουνιτεντ Απα Λιχρντ Τιγκερς 3.25 3.70 1.82,1 - 2 2,0,1,away
2025-04-18,15 1539 Αντμρα Πργας Γσκρα Ντομαζλτσε,0 - 0 X,0,0,draw
2025-04-18,15 1541 Χλομετς Εκλαρν Βαλκορτ,1 - 1 X,0,1,away
2025-04-18,30 1542 Μπρνεο Σαμαρντα ΠΣΜ Μακασρ,1 - 1 X,1,0,home
2025-04-18,00 - Τουρκγιε Βλχελμσμπουργκ Βρβαρτς Βκερ,2 - 4 2,1,1,draw
2025-04-18,00 1543 Μπουντεγιβιτσε Β Λκο Βλτβιν,0 - 1 2,0,0,draw
2025-04-18,30 - Σλβαν Μπρατισλβας ΙΙ Ζβολν,1 - 3 2,1,2,away
2025-04-18,35 219 Αντελαντ Γιουνιτεντ Ουλινγκτον Φονιξ 1.44 4.50 5.15,3 - 2 1,2,2,draw
2025-04-18,00 - Μακμπι Βερολνου ιντραχτ Μχλσντορφ,0 - 1 2,0,1,away
2025-04-18,00 - Κνυα Πολς Ουλνζι Στρς,0 - 1 2,0,0,draw
2025-04-18,00 - Ρελ Σοσιεδδ Γ Εμπρ Γ,0 - 0 X,0,0,draw
2025-04-18,00 - Γκουτ Νκα Ιλρια,0 - 5 2,0,1,away
2025-04-18,00 - Χμκι 2 Σπαρτκ Ταμπφ,3 - 0 1,2,0,home
2025-04-18,00 221 Φελγκιιρας Λεσες 2.12 3.05 3.30,4 - 0 1,2,0,home
2025-04-18,00 1050 Λερα Μπενφκα Β 2.05 3.30 3.25,1 - 3 2,0,0,draw
2025-04-18,00 1544 Χονγκ Ανι Γκια Λι Χνγκ Λιν Χα Τιν,0 - 1 2,0,1,away
2025-04-18,00 - στριο Χστραφορς,0 - 0 X,0,0,draw
2025-04-18,00 - Ζβζντα Σεντ Πτερσμπουργκ Ντιναμ Βολγκντα,1 - 2 2,0,1,away
2025-04-18,00 - Περθ Γκλρι Γ Μλμπουρν Στι Γ,1 - 5 2,1,4,away
2025-04-18,00 - Βιτσζ Γ Τζουργκρντεν Γ,1 - 2 2,0,0,draw
2025-04-18,00 - Χγκα χλαφορς,0 - 0 X,0,0,draw
2025-04-18,00 - Τορντ Τνταχολμς GOIF,1 - 1 X,0,0,draw
2025-04-18,00 - Λντκοπινγκ ΦΚ ΙΦΚ Κομλα,1 - 0 1,1,0,home
2025-04-18,00 - ΙΦΚ Τρλεμποργκ Χγκαμποργκς,2 - 2 X,0,0,draw
2025-04-18,00 - Αραμισκα Συρινσκα Σμντμπι,2 - 2 X,0,2,away
2025-04-18,00 222 Λοκομοτβ Σφιας Μπτεφ Πλβντιβ 2.47 3.10 2.55,1 - 1 X,0,0,draw
2025-04-18,00 223 Χρσενς σμπιεργκ 1.67 3.70 4.15,3 - 2 1,2,2,draw
2025-04-18,00 1545 Σφιλντ Γουνσντε U21 Μπρνσλε U21,2 - 0 1,1,0,home
2025-04-18,00 1645 Λανζο Λονγκγιν Λιαοννγκ Τιρεν 6.15 4.00 1.38,0 - 2 2,0,1,away
2025-04-18,00 1653 νγκελχολμς Αρινα 3.05 3.25 2.02,2 - 1 1,1,1,draw
2025-04-18,00 1654 Κρλμπεργκς νκεπινγκ 1.87 3.55 3.20,1 - 1 X,1,0,home
2025-04-18,00 1655 Λιουνγκσκλε Χουσκβρνα 1.87 3.45 3.25,3 - 1 1,2,0,home
2025-04-18,00 1656 ΒΚ Ολμπικ Τορσλντα 2.05 3.30 2.90,0 - 6 2,0,4,away
2025-04-18,00 1657 ΙΦΚ Στκσουντ ρεμπρο Συρινσκα 2.15 3.50 2.62,1 - 2 2,1,1,draw
2025-04-18,05 220 Βρσκλα Πολτβα Ολεξαντργια 4.00 2.90 1.95,1 - 3 2,0,3,away
2025-04-18,30 - Λαντβτερ Λχολμς,0 - 0 X,0,0,draw
2025-04-18,30 224 Ντρμπι Λοτον 2.37 2.95 3.20,0 - 1 2,0,1,away
2025-04-18,30 225 Γκιτσχεντ Γιορκ 3.05 3.45 2.07,1 - 3 2,1,1,draw
2025-04-18,30 1635 Φλρα Ταλν Πιντε Λιναμεσκντ 2.35 3.00 2.67,1 - 0 1,1,0,home
2025-04-18,30 1646 Γκουανγκντνγκ Μινγκτο Σενζν Τζονιορς 6.35 4.00 1.37,2 - 2 X,2,0,home
2025-04-18,30 1647 Γκουιτσου Ζουτσνγκ Φοσν Νανσχ 2.40 2.90 2.67,2 - 1 1,0,0,draw
2025-04-18,00 - Μντσεστερ Γιουν. U18 Ντρμπι U18,4 - 3 1,1,2,away
2025-04-18,00 - Ταζμανα Μπερλν Ντιναμ Σβερν,1 - 2 2,0,0,draw
2025-04-18,00 - Τνις Μποροσια Βερολνου Χνσα Ροστκ ΙΙ,2 - 3 2,2,0,home
2025-04-18,00 - Προυσεν Βερολνου Σπρτα Λχτενμπεργκ,0 - 6 2,0,3,away
2025-04-18,00 - Βνερσομποργκς ΦΚ Γκρμπεσταντ,1 - 1 X,1,0,home
2025-04-18,00 - Μπολστανες Κορσνς,4 - 2 1,3,0,home
2025-04-18,00 - Καρλσκρνα ΙΦΚ Κρλσχαμν,3 - 1 1,2,0,home
2025-04-18,00 - Λινρο Σλβεσμποργκς,0 - 1 2,0,0,draw
2025-04-18,00 - Ατβνταμπεργκ Φργουορντ,1 - 1 X,0,0,draw
2025-04-18,00 226 ξετερ Μπρτον 2.85 3.20 2.40,0 - 0 X,0,0,draw
2025-04-18,00 1559 Μπρμσγκρουβ Σπρτινγκ Μπγκλσγουιντ Τουν 1.45 4.35 4.75,3 - 0 1,1,0,home
2025-04-18,00 1560 Μτα Λου Γιελγκβα 2.55 3.20 2.45,0 - 0 X,0,0,draw
2025-04-18,00 1634 Θστιντ ΧΙΚ Χλερουπ 2.50 3.25 2.55,1 - 1 X,0,0,draw
2025-04-18,00 1665 Αραρτ Γιερεβν Αλασκρτ,3 - 2 1,1,2,away
2025-04-18,00 1666 Μαλοτ Γιουνιτεντ Μπικ Νουμφρ,1 - 1 X,0,1,away
2025-04-18,00 1667 Πρσιμπ Μπαντονγκ Μπαλ Γιουν. Πουσμ,2 - 1 1,0,1,away
2025-04-18,00 1668 Γουτφορντ U21 Μπρντφορντ U21,2 - 1 1,0,0,draw
2025-04-18,00 1669 Κρου U21 Μπρνλι U21,0 - 5 2,0,2,away
2025-04-18,00 1670 Μπρστολ Στι U21 Σουνσι U21,3 - 4 2,1,2,away
2025-04-18,15 1671 Κονγκ Αν Ναν Νταν Χο Τσι Μιν Στι,0 - 0 X,0,0,draw
2025-04-18,15 1672 Χι Φονγκ Μπιν Ντιν,2 - 0 1,1,0,home
2025-04-18,00 - Πστα Ριντζερς ΑΦΚ Λοπαρντς,1 - 0 1,1,0,home
2025-04-18,00 - Σλβαν Λιουμπλινα Αλουμνι Κιντριτσβο,0 - 1 2,0,0,draw
2025-04-18,00 - KMC Ντντομα Τζτζι,2 - 1 1,2,1,home
2025-04-18,00 - Τανζανα Πρζονς JKT Τανζανα,3 - 2 1,0,2,away
2025-04-18,00 - Πτεα Γ Αλνγκσας Γιουνιτεντ Γ,2 - 1 1,0,1,away
2025-04-18,00 - Σκρα Βνερσμποργκ ΙΦ,1 - 2 2,1,0,home
2025-04-18,00 - Αλ Φασλι Αμμν Ρμθα,1 - 0 1,1,0,home
2025-04-18,00 - Βγκμπιχολμ Γιρφαλα,1 - 0 1,0,0,draw
2025-04-18,00 - Σταουτσνι Βικτρια Μπρνταρ,3 - 1 1,2,0,home
2025-04-18,00 - Φλορστι Σαχν Σεαντρ Λονγκα,0 - 3 2,0,1,away
2025-04-18,00 - Ξορσμ Μπουνιοντκρ Τασκνδης,0 - 0 X,0,0,draw
2025-04-18,00 227 Πορτιμοννσε Πσος Φεριρα 2.57 3.20 2.50,2 - 0 1,2,0,home
2025-04-18,00 228 Μλμε Σριους 1.35 4.85 7.50,1 - 1 X,0,1,away
2025-04-18,00 229 Μιλμπι Χμαρμπι 2.70 3.20 2.52,3 - 1 1,3,1,home
2025-04-18,00 1673 Μπνικ Μοστ Σοκλ Μπροζνι,0 - 0 X,0,0,draw
2025-04-18,00 1674 Σοκλ Χοστον Τσομουτφ,0 - 0 X,0,0,draw
2025-04-18,30 - Μπετζν Κβντινγκ,0 - 2 2,0,1,away
2025-04-18,30 230 Τσρνο Μρε Βρνα Μπερε Στρα Ζαγορ 1.75 3.10 4.50,1 - 1 X,1,0,home
2025-04-18,30 1563 Τρκτορ Μλαβαν Μπνταρ 1.44 3.75 6.75,3 - 0 1,1,0,home
2025-04-18,00 - Λουντογκρετς Β Γιντρα 2019 Γκμπροβο,1 - 1 X,0,0,draw
2025-04-18,00 - Σπρτακ Πλβεν Μπελσιτσα Πτριχ,0 - 0 X,0,0,draw
2025-04-18,00 - Λβετς Λοκομοτβ Γκρνα Οριαχβιτσα,1 - 0 1,0,0,draw
2025-04-18,00 - Ντοναβ Ροσε ΤΣΣΚΑ 1948 ΙΙ,1 - 0 1,0,0,draw
2025-04-18,00 - Μογχιρ Αλ Σρχαν Μαν,2 - 1 1,1,0,home
2025-04-18,00 - Βουκοβρ 91 Ντουγκοπλζε,3 - 0 1,2,0,home
2025-04-18,00 - μπολι U20 Μλαν U20,1 - 0 1,1,0,home
2025-04-18,00 - Σλμποντα Τοζλα Ρντινκ Μπιτζελνα,2 - 3 2,2,2,draw
2025-04-18,00 - Αλ Καρχ Νιοροζ ΣΚ,2 - 2 X,2,0,home
2025-04-18,00 - Βλσουνγκουρ Θρτουρ Ρικιαβικ,2 - 3 X,2,1,home
2025-04-18,00 231 Γουτφορντ Μπρνλι 4.85 3.50 1.72,1 - 2 2,1,1,draw
2025-04-18,00 232 Κβεντρι Γουστ Μπρομ 2.20 3.40 3.10,2 - 0 1,1,0,home
2025-04-18,00 234 Μντλεσμπρο Πλμουθ 1.37 5.15 6.85,2 - 1 1,1,1,draw
2025-04-18,00 235 Μπλκμπερν Μλγουολ 2.35 3.00 3.15,4 - 1 1,2,1,home
2025-04-18,00 236 Μπρστολ Στι Σντερλαντ 2.27 3.20 3.10,2 - 1 1,0,1,away
2025-04-18,00 237 Νριτς Πρτσμουθ 1.81 3.65 4.15,3 - 5 2,1,3,away
2025-04-18,00 238 Πρστον ΚΠΡ 2.32 3.05 3.20,1 - 2 2,1,0,home
2025-04-18,00 239 Σουνσι Χαλ 2.22 3.20 3.20,1 - 0 1,0,0,draw
2025-04-18,00 242 Στουκ Σφιλντ Γουνσντε 2.22 3.25 3.20,2 - 0 1,1,0,home
2025-04-18,00 243 Λιτον ριεντ Μπρνσλε 1.65 3.95 4.50,4 - 3 1,0,2,away
2025-04-18,00 505 Μπρμιγχαμ Κρουλι Τουν 1.31 5.35 7.75,0 - 0 X,0,0,draw
2025-04-18,00 599 Μπλτον Γουκομ 2.77 3.25 2.40,0 - 2 2,0,0,draw
2025-04-18,00 764 Πιτρμπορο Στκπορτ 3.30 3.35 2.07,1 - 1 X,1,0,home
2025-04-18,00 765 Ρντινγκ Λνκολν Στι 2.12 3.40 3.20,0 - 1 2,0,0,draw
2025-04-18,00 766 Ρξαμ Μπρστολ Ρβερς 1.41 4.35 6.85,1 - 1 X,0,1,away
2025-04-18,00 771 Ρδεραμ Μνσφιλντ 2.32 3.30 2.85,3 - 3 X,2,1,home
2025-04-18,00 772 Σριοσμπερι Γουγκαν 3.55 3.05 2.10,0 - 1 2,0,0,draw
2025-04-18,00 773 Στβενετζ Μπλκπουλ 2.77 3.15 2.50,1 - 3 2,0,0,draw
2025-04-18,00 774 Τσρλτον Νορθμπτον 1.55 3.90 5.50,2 - 1 1,1,1,draw
2025-04-18,00 775 Χντερσφιλντ Κμπριτζ Γιουνιτεντ 1.60 3.80 5.15,1 - 2 2,0,0,draw
2025-04-18,00 776 Γκρμσμπι Τουν Σουντον Τουν 1.94 3.50 3.55,0 - 4 2,0,2,away
2025-04-18,00 777 Γουμπλεντον Τσστερφιλντ 2.10 3.30 3.30,0 - 0 X,0,0,draw
2025-04-18,00 778 Γουλσολ Χρογκετ Τουν 1.55 3.90 5.35,2 - 2 X,1,1,draw
2025-04-18,00 779 Καρλιλ Πορτ Βιλ 3.55 3.35 2.00,3 - 2 1,2,0,home
2025-04-18,00 780 Κλτσεστερ Κρου 2.00 3.30 3.55,0 - 0 X,0,0,draw
2025-04-18,00 781 Μλτον Κινς Ντονς Νιοπορτ Κουντι 1.50 4.25 5.50,0 - 0 X,0,0,draw
2025-04-18,00 782 Μπρμλε Μρκαμ 1.98 3.45 3.45,1 - 0 1,0,0,draw
2025-04-18,00 783 Σλφορντ Στι κρινγκτον 1.84 3.45 4.00,1 - 2 2,0,1,away
2025-04-18,00 784 Τρανμρ Ντονκστερ 3.20 3.45 2.10,0 - 3 2,0,1,away
2025-04-18,00 785 Τσλτεναμ Τζλιγχαμ 2.60 3.15 2.62,1 - 1 X,1,1,draw
2025-04-18,00 786 Φλτγουντ Τουν Μπροου 2.50 3.15 2.75,0 - 0 X,0,0,draw
2025-04-18,00 787 Κινγκς Λιν Σκνθορπ 3.25 3.10 2.02,1 - 0 1,1,0,home
2025-04-18,00 788 Κρσον λφρετον Τουν 2.25 3.05 2.85,0 - 0 X,0,0,draw
2025-04-18,00 789 Μαρν Γουρινγκτον Τουν 1.80 3.25 3.85,1 - 0 1,0,0,draw
2025-04-18,00 790 Μπξτον Τσρλι 2.22 3.15 2.82,1 - 0 1,1,0,home
2025-04-18,00 791 Μπρκλι Τουν ξφορντ Στι 1.40 4.15 6.15,1 - 0 1,1,0,home
2025-04-18,00 792 Ντρλινγκτον Σουθ Σιλντς 2.07 3.35 2.95,1 - 1 X,1,1,draw
2025-04-18,00 793 Πτερμπορο Σπορτς Νντχαμ Μρκετ 1.68 3.45 4.15,2 - 0 1,0,0,draw
2025-04-18,00 794 Ρασχλ Ολμπικ Κιντερμνστερ 6.85 4.50 1.32,1 - 2 2,0,1,away
2025-04-18,00 795 Σουθπορτ Τσστερ 3.55 3.30 1.85,0 - 1 2,0,0,draw
2025-04-18,00 796 Σπενιμρ Τουν Σκρμπορο Αθλτικ 2.00 3.25 3.15,1 - 1 X,0,0,draw
2025-04-18,00 797 Χρεφορντ Λμινγκτον 1.48 3.80 5.35,3 - 0 1,0,0,draw
2025-04-18,00 798 Γιβιλ Τουν Φρεστ Γκριν 2.95 3.05 2.30,1 - 1 X,1,0,home
2025-04-18,00 799 Μεντενχντ Γιουνιτεντ Γουκινγκ 2.05 3.25 3.25,2 - 2 X,1,0,home
2025-04-18,00 800 Μπστον Γιουν. Γουλντστουν 2.12 3.00 3.40,2 - 0 1,2,0,home
2025-04-18,00 801 Ντγκεναμ Ρεντ μπσφλιτ Γιουνιτεντ 1.57 3.85 5.00,1 - 0 1,0,0,draw
2025-04-18,00 802 λνταμ Χρτλπουλ 2.17 3.20 3.00,2 - 1 1,1,1,draw
2025-04-18,00 803 λντερσοτ Τουν Στον Γιουνιτεντ 2.25 3.25 2.85,1 - 1 X,0,1,away
2025-04-18,00 804 λτρινχαμ Ρτσντελ 2.77 3.15 2.35,1 - 2 2,0,1,away
2025-04-18,00 805 Σουθεντ Μπριντρι 1.78 3.40 4.00,0 - 0 X,0,0,draw
2025-04-18,00 806 Τμγουορθ Σλιχαλ Μουρς 1.81 3.50 3.80,1 - 2 2,1,0,home
2025-04-18,00 807 Φιλντ Χλιφαξ 2.95 3.25 2.22,0 - 1 2,0,1,away
2025-04-18,00 808 βελε Τσλμσφορντ Στι 2.60 3.20 2.35,1 - 0 1,0,0,draw
2025-04-18,00 809 Γουιμουθ Σαλισμπρι Στι 2.42 3.25 2.50,2 - 2 X,2,0,home
2025-04-18,00 810 Γουλινγκ Γιουνιτεντ Μεντστουν 5.35 3.80 1.48,0 - 4 2,0,2,away
2025-04-18,00 811 νφιλντ Τουν Σεντ λμπανς 2.60 3.10 2.40,1 - 1 X,1,1,draw
2025-04-18,00 812 στμπουρν Μπρο Γουρθινγκ 2.12 3.30 2.87,1 - 1 X,0,1,away
2025-04-18,00 813 Ντρκινγκ Γουντερερς Χμπτον Ρτσμοντ 1.24 5.35 8.00,4 - 2 1,4,0,home
2025-04-18,00 816 Σλου Τουν Μπραμ Γουντ 4.75 3.90 1.52,2 - 4 2,1,3,away
2025-04-18,00 817 Τνμπριτζ ιντζελς Χρντσερτς 2.57 3.15 2.40,0 - 1 2,0,1,away
2025-04-18,00 818 Τρορο Στι Τορκ 2.20 3.00 3.00,0 - 1 2,0,0,draw
2025-04-18,00 819 Τσπενχαμ Τουν Γουστον Σοπερ Μιρ 4.50 3.65 1.60,2 - 0 1,0,0,draw
2025-04-18,00 820 Φρνμπορο Μπαθ Στι 2.18 3.10 2.90,0 - 2 2,0,1,away
2025-04-18,00 821 Χμελ Χμπστεντ Τσσχαμ Γιουνιτεντ 2.17 3.25 2.85,2 - 0 1,0,0,draw
2025-04-18,00 822 Λοκομοτβα Ζγκρεμπ Σλβεν Μπελοπο 2.60 3.15 2.50,0 - 2 2,0,0,draw
2025-04-18,00 823 Οτελολ Γκαλτι Ουνιρα 2004 Σλομπζια 1.67 3.30 4.75,2 - 0 1,1,0,home
2025-04-18,00 1565 Γιουνιτεντ Οφ Μντσεστερ Γουτμπι 2.00 3.40 2.95,2 - 3 2,0,2,away
2025-04-18,00 1566 Κρι Βλει Πιπερ Μιλς Γουιτχοκ 1.28 4.75 6.85,3 - 0 1,2,0,home
2025-04-18,00 1588 Λοις Καρσλτον Αθλτικ 2.52 3.30 2.30,1 - 3 2,1,0,home
2025-04-18,00 1589 Μπιλερικι Φλκεστοουν Ινβκτα 1.28 4.75 7.15,2 - 0 1,0,0,draw
2025-04-18,00 1590 Ντρτφορντ Ντβερ 1.97 3.30 3.10,3 - 1 1,2,0,home
2025-04-18,00 1591 Τστσεστερ Στι Τσσχαντ 1.58 3.90 4.00,4 - 0 1,3,0,home
2025-04-18,00 1592 Χρσχαμ Κρι Γουντερερς 1.37 4.35 6.00,3 - 0 1,1,0,home
2025-04-18,00 1593 λβετσερτς Χτσιν Τουν 1.52 4.00 4.50,4 - 1 1,3,1,home
2025-04-18,00 1594 Γκλουσεστερ Μρλοου 1.14 6.75 9.25,7 - 0 1,6,0,home
2025-04-18,00 1595 Μπεσινγκστουκ Ττον 3.75 4.25 1.58,0 - 0 X,0,0,draw
2025-04-18,00 1597 Ρντιτς Χρμπορο Τουν 2.47 3.35 2.32,0 - 1 2,0,1,away
2025-04-18,00 1598 Σλινγκ Μρτιρ Τουν 3.50 3.90 1.68,0 - 3 2,0,2,away
2025-04-18,00 1599 Τλφορντ Λβεστοφτ 1.09 7.50 11.50,7 - 1 1,5,1,home
2025-04-18,00 1600 Φρουμ Τουν Ντρτσεστερ 3.15 3.45 1.91,2 - 3 2,1,2,away
2025-04-18,00 1601 Χνγκερφορντ Τουν Γουμπορν Τουν 1.75 3.60 3.50,1 - 1 X,0,0,draw
2025-04-18,00 1602 ουντα Τοκουμς 2000 1.22 5.50 8.75,2 - 0 1,1,0,home
2025-04-18,00 1636 Κουρεσρε Πρνου Βπρους 2.90 3.15 2.12,1 - 0 1,1,0,home
2025-04-18,00 1641 Γκρτα κρανες 6.75 5.50 1.25,1 - 4 2,0,1,away
2025-04-18,00 1642 Σλφος Χαουκρ 1.57 4.25 4.00,4 - 0 1,2,0,home
2025-04-18,00 1658 Γκφλε Βσαλουντς 3.35 3.40 1.85,1 - 2 2,1,0,home
2025-04-18,00 1659 Λοντς σκαρσαμνς ΑΚ 1.41 4.25 5.35,3 - 0 1,1,0,home
2025-04-18,00 1660 ΙΦΚ Σκβντε Ρζενγκαρντ 3.20 3.40 1.90,1 - 2 2,1,1,draw
2025-04-18,00 1661 ΙΦΚ Χνινγκε Κρλσταντ ΒΚ 2.30 3.45 2.45,2 - 1 1,1,0,home
2025-04-18,00 1662 Χσλεχολμ ΙΦ Τρολχταν 2.18 3.20 2.75,0 - 2 2,0,1,away
2025-04-18,15 - Ταμπρ Τργκλαβ,2 - 0 1,0,0,draw
2025-04-18,15 1596 Πουλ Τουν Σουντον Σουπερμαρν 2.10 3.60 2.65,4 - 0 1,1,0,home
2025-04-18,15 1649 Αλ Κχαλιντγια Στρα 1.48 3.70 5.35,3 - 2 1,1,2,away
2025-04-18,25 - Αλ Γιαρμοκ Κουβιτ Κζμα,3 - 2 1,1,1,draw
2025-04-18,30 - Σλουτσκ Σλβια Μοζρ,1 - 2 2,1,1,draw
2025-04-18,30 - Ζελζνιτσαρ Μπνια Λοκα Σλμποντα Νβι Γκραντ,1 - 0 1,1,0,home
2025-04-18,30 - Σαμορν Ζλτε Μορφτσε,0 - 2 2,0,1,away
2025-04-18,30 824 Ρο βε Σντα Κλρα 3.05 3.00 2.37,1 - 1 X,1,0,home
2025-04-18,30 825 Φαρνσε Μποαβστα 1.81 3.35 4.35,0 - 1 2,0,0,draw
2025-04-18,30 1640 Περσπολις Σεπαχν 2.60 2.70 2.80,0 - 2 2,0,2,away
2025-04-18,30 1675 Μγκρα Σαορα 2.17 2.95 3.00,2 - 0 1,0,0,draw
2025-04-18,30 1676 ΒΚΜΑ Γιερεβν Σιρκ,3 - 2 1,0,0,draw
2025-04-18,00 - Γιντραν Ντεκνι ΝΝ Γκριτσα,2 - 4 2,1,0,home
2025-04-18,00 - Τλμιν Μπελτντσι,0 - 2 2,0,1,away
2025-04-18,00 - Ποχρνιε Πετρζλκα,2 - 5 2,1,2,away
2025-04-18,00 826 Ντιναμ Κιβου μπολον Κιβου 1.21 5.50 10.75,3 - 0 1,1,0,home
2025-04-18,00 1525 Αρζ Τουρν Τοβοζ,1 - 1 X,0,1,away
2025-04-18,00 1603 Κεντσλα Παραντο 1.85 3.05 3.70,2 - 2 X,2,1,home
2025-04-18,00 1677 Γιμπλονετς Β Ιμπερατρζ,3 - 3 X,1,1,draw
2025-04-18,15 - Κζιλκουμ Κκαντ 1912,1 - 0 1,0,0,draw
2025-04-18,30 - Ατλτικο Μαδρτης Γ Γκραν. Τενερφη Γ,2 - 0 1,2,0,home
2025-04-18,30 - Γιουβντους Γ Μλαν Γ,2 - 0 1,1,0,home
2025-04-18,30 1604 Αλ Γκαρφα Αλ Σχαχανγια 1.97 3.65 2.90,1 - 2 2,1,2,away
2025-04-18,30 1605 Αλ Ραγιν Κατρ ΣΚ 1.44 4.35 5.00,2 - 0 1,0,0,draw
2025-04-18,30 1606 Αλ Σαμλ Αλ Βκρα 2.08 3.55 2.75,1 - 0 1,0,0,draw
2025-04-18,30 1607 Αλ Σαντ Αλ Αχλ Ντχα 1.15 6.85 9.75,5 - 0 1,3,0,home
2025-04-18,30 1608 Αλ Κχορ Αλ Ντουχαλ 6.50 5.25 1.28,0 - 1 2,0,0,draw
2025-04-18,30 1609 Ουμ Σαλλ Αλ Αρμπι Ντχα 3.50 3.65 1.77,2 - 0 1,1,0,home
2025-04-18,00 - Τσεζνα U20 Μπολνια U20,1 - 0 1,0,0,draw
2025-04-18,00 - Γκοσκ Γκαμπλα Σλγκα Ντμπο,1 - 2 2,0,0,draw
2025-04-18,00 - Παραντσο Γιονγκ Μπις ΙΙ,1 - 1 X,0,0,draw
2025-04-18,00 - Κορεκαμνος ΙΙ Λμπος ULMX,0 - 0 X,0,0,draw
2025-04-18,00 827 Αοστρια Λουστενου Λφερινγκ 2.40 3.20 2.67,1 - 2 2,0,2,away
2025-04-18,00 828 Κπφενμπεργκ μστετεν 2.45 3.35 2.52,3 - 2 1,2,1,home
2025-04-18,00 829 Λαφντζ Βιτσμπεργκ 3.40 3.65 1.87,1 - 3 2,1,1,draw
2025-04-18,00 830 Σεντ Πλτεν Ριντ 2.77 3.15 2.35,1 - 2 2,0,1,away
2025-04-18,00 832 Φλοριντσντρφερ Ραπντ Βιννης ΙΙ 1.92 3.35 3.50,2 - 0 1,1,0,home
2025-04-18,00 833 Χορν Μπργκενζ 2.15 3.50 2.85,3 - 2 1,3,1,home
2025-04-18,00 834 Λφσκι Κρομοβγκραντ ΤΣΣΚΑ Σφιας 8.25 4.50 1.28,1 - 0 1,0,0,draw
2025-04-18,00 1610 Φολαντ Σαμς Αζρ Καζβν 1.64 3.25 5.15,1 - 0 1,1,0,home
2025-04-18,00 1637 Χρτζου JK Λγκρι Ταμκα Τρτου 2.52 3.20 2.35,4 - 1 1,0,1,away
2025-04-18,00 1643 Μπρινταμπλικ Φιολνρ 1.14 7.00 9.50,5 - 0 1,1,0,home
2025-04-18,05 835 Αλ Κχολοντ Νταμκ 1.95 3.40 3.30,1 - 3 2,0,2,away
2025-04-18,20 836 Αλ Αχλ Τζντα Αλ Φιχα 1.25 5.00 8.35,5 - 0 1,3,0,home
2025-04-18,30 - ΦΚ Μινσκ Γκμελ,1 - 0 1,1,0,home
2025-04-18,30 - Ναφτ Αλ Τζανομπ Αλ Κασμ,2 - 2 X,0,1,away
2025-04-18,30 837 Σφιλντ Γιουνιτεντ Κρντιφ 1.55 4.00 5.50,2 - 0 1,1,0,home
2025-04-18,30 838 Μπαρντ στλιχ 1.31 4.85 7.50,1 - 1 X,1,1,draw
2025-04-18,30 1638 Αλ Νασρ Ντουμπι Σρτζα 2.95 3.25 2.15,2 - 1 1,1,0,home
2025-04-18,30 1663 Ντεπρτες Τεμοκο Σαν Λοις 1.94 3.20 3.25,0 - 1 2,0,0,draw
2025-04-18,30 1664 Σαντιγο Γουντερερς Ντεπρτες Ρεκολτα 2.05 3.00 3.20,1 - 1 X,0,1,away
2025-04-18,45 839 Βαραζντν Χιντουκ Σπλιτ 4.15 2.90 1.94,1 - 1 X,1,0,home
2025-04-18,50 - Αλ Νασρ Κουβιτ Κχατν,2 - 1 1,1,0,home
2025-04-18,00 840 Μπρντμπι Νρτζελαντ 2.07 3.60 3.15,0 - 0 X,0,0,draw
2025-04-18,00 841 Σπρτινγκ Χιχν Μιρντες 2.62 2.90 2.82,3 - 1 1,1,0,home
2025-04-18,00 842 Πρτο Φαμαλικο 1.47 4.25 6.00,2 - 1 1,1,0,home
2025-04-18,00 843 UTA Αρντ Σπσι 2.90 3.05 2.27,1 - 1 X,1,1,draw
2025-04-18,00 844 Γαλατασαρι Μπντρουμ ΦΚ 1.23 5.75 10.25,2 - 0 1,1,0,home
2025-04-18,00 846 Χατασπρ Κνιασπορ 4.35 4.00 1.65,2 - 3 2,2,1,home
2025-04-18,00 847 Μανσα ΦΚ Ανκαραγκουτσο 2.95 3.30 2.18,2 - 1 1,2,0,home
2025-04-18,00 1611 Σετφ MC Ορν 1.67 3.00 5.00,1 - 0 1,0,0,draw
2025-04-18,00 1612 Ντανομπιο Μπστον Ρβερ 2.35 2.95 2.95,1 - 2 2,0,0,draw
2025-04-18,30 - Λτσιο Γ Νπολι Γ,2 - 1 1,2,0,home
2025-04-18,30 849 Λασκ Λντσερ WSG Τιρλ 1.64 3.75 4.85,2 - 0 1,0,0,draw
2025-04-18,30 850 Κεβιγ Ρουν 2.75 2.90 2.47,2 - 1 90 7,2,0,home
2025-04-18,30 851 Λε Μαν Νιμ 1.68 3.30 4.50,4 - 0 1,2,0,home
2025-04-18,30 853 Μπουλν Βερσαλλες 78 1.92 3.05 3.80,1 - 0 90 9,1,0,home
2025-04-18,30 854 Μπουργκ Περνας Κονκαρν 2.05 3.05 3.40,0 - 0 X,0,0,draw
2025-04-18,30 855 Νανσ Ομπνι 1.47 3.75 6.00,2 - 0 1,0,0,draw
2025-04-18,30 856 Ντιζν Βιλεφρνς 1.94 3.05 3.70,2 - 0 1,1,0,home
2025-04-18,30 857 Παρ 13 Ατλτικο Ορλεν 2.72 2.85 2.52,0 - 1 2,0,0,draw
2025-04-18,30 858 Σατορο Σοσ 2.77 2.95 2.42,1 - 0 1,1,0,home
2025-04-18,30 859 Λοζν Ουσ Ξαμξ 1.71 3.70 3.85,0 - 0 X,0,0,draw
2025-04-18,30 860 Μπελιντσνα Στντε Νιν 1.87 3.35 3.55,2 - 1 1,1,0,home
2025-04-18,30 1613 Ρτσαρντς Μπι Κιπ Τουν Στι 2.32 2.62 3.10,0 - 0 77,0,0,draw
2025-04-18,00 - Μντλεσμπρο U21 Γουστ Μπρομ U21,1 - 0 71,0,0,draw
2025-04-18,00 - στον Βλα U21 Λβερπουλ U21,2 - 1 71,0,1,away
2025-04-18,00 - Μντερκαντζ Ρασνγκ Ουνιν,0 - 4 71,0,4,away
2025-04-18,00 - Σαουθμπτον Γ Λντον Στι Λαονσες Γ,1 - 4 71,0,3,away
2025-04-18,00 - Ουνιν Τιτους Πετνγκε Φλα Ες,1 - 3 71,1,2,away
2025-04-18,00 861 ντερλεχτ U23 ΣΚ Μπβερεν 4.00 3.80 1.62,0 - 3 69,0,2,away
2025-04-18,00 862 Γκενκ U23 Λιρς Κεμπενζονν 2.95 3.40 2.02,1 - 3 70,1,3,away
2025-04-18,00 863 Ζολτε Βρεγκεμ RWD Μλενμπεεκ 2.30 3.20 2.65,1 - 1 69,1,0,home
2025-04-18,00 867 Κλαμπ Μπριζ U23 Φρανκ Μπορν 2.10 3.40 2.85,2 - 0 68,1,0,home
2025-04-18,00 868 Λμελ Ραλ Λα Λουβιρ 5.85 4.25 1.38,0 - 0 70,0,0,draw
2025-04-18,00 869 Πτρο Εσντν Μαασμχελεν ουπεν 1.55 3.80 4.50,1 - 0 71,0,0,draw
2025-04-18,00 870 Σερνγκ Λκερεν Τμσε 3.95 3.65 1.67,0 - 1 70,0,1,away
2025-04-18,00 871 Αζαξι Πο 2.47 3.05 2.85,1 - 1 73,0,1,away
2025-04-18,00 872 Αμιν Γκινγκμπ 4.75 3.70 1.67,2 - 2 68,2,1,home
2025-04-18,00 873 Δουνκρκη Γκρενμπλ 1.55 3.95 5.35,1 - 0 73,0,0,draw
2025-04-18,00 874 Καν Μαρτγκ 1.62 3.90 4.75,0 - 3 68,0,2,away
2025-04-18,00 875 Κλερμν Τρου 3.00 3.10 2.35,0 - 2 71,0,1,away
2025-04-18,00 876 Λαβλ Ροντ 2.87 3.30 2.32,2 - 0 73,1,0,home
2025-04-18,00 877 μεν λκμααρ Β 1.68 3.80 4.15,1 - 2 68,0,1,away
2025-04-18,00 878 Μαστριχτ Ουτρχτη Β 1.84 3.65 3.50,3 - 0 71,3,0,home
2025-04-18,00 879 Ντεν Μπος Φνλο 2.25 3.40 2.75,0 - 0 70,0,0,draw
2025-04-18,00 880 ΦΚ Αντχφεν Τελστρ 3.25 3.50 1.97,0 - 4 69,0,3,away
2025-04-18,00 881 Χλμοντ Σπορ Καμπορ 3.50 3.70 1.82,1 - 1 70,1,1,draw
2025-04-18,00 882 Αλ Καντισγια Αλ Νασρ Ριντ 2.85 3.35 2.17,1 - 0 70,1,0,home
2025-04-18,00 1614 Αλμπινολφε Αλκινε 1.60 3.35 4.75,0 - 0 68,0,0,draw
2025-04-18,00 1615 Αταλντα U23 Ουνιν Αρζινανοκιμπο 1.78 3.35 3.65,1 - 2 68,1,2,away
2025-04-18,00 1616 Βιτσντζα Τριεστνα 1.54 3.30 5.50,1 - 0 67,1,0,home
2025-04-18,00 1617 Καλντιρο Τρμε Λκο 2.30 2.90 2.82,1 - 0 68,1,0,home
2025-04-18,00 1618 Νοβρα Τρντο 2.60 2.85 2.52,2 - 0 68,1,0,home
2025-04-18,00 1619 Πντοβα Κλοντινσε 1.08 7.00 15.00,2 - 1 67,1,0,home
2025-04-18,00 1620 Προ Πατρα Λουμεζνε 2.12 2.95 3.10,1 - 0 68,0,0,draw
2025-04-18,00 1621 Ρεντε Περγκολετζε 2.15 2.82 3.20,1 - 1 68,1,1,draw
2025-04-18,00 1622 Τζινα Ερμνιο Βρτους Βερνα 2.00 2.90 3.45,0 - 0 68,0,0,draw
2025-04-18,00 1623 Φεραλπισλο Προ Βερτσλι 1.68 3.25 4.25,0 - 0 68,0,0,draw
2025-04-18,15 883 Ααρου Βαντοζ 1.54 4.00 4.75,1 - 1 54,0,1,away
2025-04-18,15 884 Ετουλ Καροζ Σαφχουζεν 1.45 4.15 5.50,0 - 0 54,0,0,draw
2025-04-18,30 - Θιουδδ Ντε Μπολιβρ Γκουτιρες,1 - 0,1,0,home
2025-04-18,30 885 Αντμρα Βκερ Στρπφινγκ Βιντεν 1.62 3.50 4.85,2 - 1,2,1,home
2025-04-18,30 1624 Βιγιαρελ Β Ιντερστι 1.64 3.50 4.50,0 - 0,0,0,draw
2025-04-18,30 1625 Γιουνιονστας Αρεντιρο 1.98 3.05 3.60,0 - 0,0,0,draw
2025-04-18,30 1626 Ιμπζα Ειβσα Σεβγια Ατλτικο 1.57 3.60 5.15,2 - 0,2,0,home
2025-04-18,30 1689 Κομουνικασινες Αρχεντνο Κλμες 2.35 2.65 3.05,0 - 1,0,1,away
2025-04-18,45 - Μικλεβερ Σπορτς Λικ Τουν,44,1,0,home
2025-04-18,45 886 Λρνε Λνφιλντ 2.77 3.05 2.30,43,0,1,away
2025-04-18,45 887 Ρεν Ναντ 1.84 3.60 4.15,45,1,0,home
2025-04-18,45 888 Γκλγουε Γιουνιτεντ Ντρι Στι 2.52 2.70 2.90,43,1,1,draw
2025-04-18,45 892 Γουτερφορντ Γιουνιτεντ Σλγκο Ρβερς 1.84 3.35 3.70,44,0,2,away
2025-04-18,45 893 Μπομιαν Κορκ Στι 1.47 3.85 5.85,43,0,0,draw
2025-04-18,45 894 Ντρχεντα Γιουνιτεντ Σλμπουρν 2.67 2.75 2.67,43,2,1,home
2025-04-18,45 895 Σεντ Πτρικς Σμροκ Ρβερς 2.77 2.85 2.50,43,1,1,draw
2025-04-18,45 896 θλοουν Τουν Γουξφορντ 2.37 3.15 2.67,44,0,0,draw
2025-04-18,45 897 Κουβ Ρμπλερς Γιου Σι Ντι 1.97 3.15 3.50,44,0,0,draw
2025-04-18,45 898 Μπρι Γουντερερς Λνγκφορντ Τουν 1.92 3.25 3.50,43,2,0,home
2025-04-18,45 899 Τρτι Γιουνιτεντ Ντνταλκ 4.75 3.65 1.61,40,0,0,draw
2025-04-18,45 907 Φιν Χαρπς Κρι 1.98 3.10 3.45,43,1,2,away
2025-04-18,45 908 Λβινγκστον ΕΡ Γιουνιτεντ 2.17 3.05 3.15,44,2,0,home
2025-04-18,45 1628 Μπργουελ Στουρμπριτζ 2.27 3.35 2.52,42,0,2,away
2025-04-18,00 - Σαν Αντνιο Μπολο Μπολο Νασιονλ Ποτσι,26,0,1,away
2025-04-18,00 909 ξφορντ Γιουνιτεντ Λιντς 7.85 4.85 1.35,30,0,0,draw
2025-04-18,00 910 Εσπανιλ Χετφε 2.80 2.65 3.05,28,0,0,draw
2025-04-18,00 911 Καστεγιν Αλμερα 2.30 3.40 2.82,29,0,1,away
2025-04-18,00 1629 Μιραμρ Μισινες Νασιονλ Μοντεβιδο 5.85 4.25 1.44,30,0,0,draw
2025-04-18,ΕΓΓΡΑΦΗ ΕΕΕΠ 21 ΠΑΙΞΕ ΥΠΕΥΘΥΝΑ ΕΓΓΡΑΦΗ ΕΕΕΠ 21 ΠΑΙΞΕ ΥΠΕΥΘΥΝΑ ΕΓΓΡΑΦΗ ΕΕΕΠ 21 ΠΑΙΞΕ ΥΠΕΥΘΥΝΑ ΕΓΓΡΑΦΗ ΕΕΕΠ 21 ΠΑΙΞΕ ΥΠΕΥΘΥΝΑ ΕΓΓΡΑΦΗ ΕΕΕΠ 21 ΠΑΙΞΕ ΥΠΕΥΘΥΝΑ ΕΓΓΡΑΦΗ ΕΕΕΠ 21 ΠΑΙΞΕ ΥΠΕΥΘΥΝΑ ΕΓΓΡΑΦΗ ΕΕΕΠ 21 ΠΑΙΞΕ ΥΠΕΥΘΥΝΑ ΕΓΓΡΑΦΗ ΕΕΕΠ 21 ΠΑΙΞΕ ΥΠΕΥΘΥΝΑ ΕΓΓΡΑΦΗ ΕΕΕΠ 21 ΠΑΙΞΕ ΥΠΕΥΘΥΝΑ ΕΓΓΡΑΦΗ ΕΕΕΠ 21 ΠΑΙΞΕ ΥΠΕΥΘΥΝΑ ΕΓΓΡΑΦΗ ΕΕΕΠ 21 ΠΑΙΞΕ ΥΠΕΥΘΥΝΑ Αναλσεις Πορτογαλα 1 λεςΓαλλα 1 Ισπανα 1 Πορτογαλα 1 λεςΓαλλα 1 Ισπανα 1 Πορτογαλα 1 Ρεν Ναντ,Εσπανιλ Χετφε 22,21,45,away
2025-04-18,Αναλσεις Πορτογαλα 1 λεςΓαλλα 1 Ισπανα 1 Πορτογαλα 1 λεςΓαλλα 1 Ισπανα 1 Πορτογαλα 1 Ρεν Ναντ,Εσπανιλ Χετφε 22,21,45,away
2025-04-18,Πορτογαλα 1 λεςΓαλλα 1 Ισπανα 1 Πορτογαλα 1 λεςΓαλλα 1 Ισπανα 1 Πορτογαλα 1 Ρεν Ναντ,Εσπανιλ Χετφε 22,21,45,away
2025-04-18,Πργραμμα Παρασκευ,COSMOTE SPORT 9 HD Αρμνι Μιλνο - Κρεμνα Παρασκευ 21,21,30,away
2025-04-18,Παρασκευ,COSMOTE SPORT 9 HD Αρμνι Μιλνο - Κρεμνα Παρασκευ 21,21,30,away
2025-04-18,Παρασκευ,COSMOTE SPORT 9 HD Αρμνι Μιλνο - Κρεμνα,21,30,away
2025-04-18,Παρασκευ,Novasports Prime Ρελ Μαδρτης - Μπγερν Μονχου,21,45,away
2025-04-18,Παρασκευ,COSMOTE SPORT 2 HD ξφορντ Γιουνιτεντ - Λιντς,22,0,home
2025-04-18,210 9237777 ΠΑΙΞΕ ΥΠΕΥΘΥΝΑ AGONES.GR,s40,2009,2025,away
2025-04-18,AGONES.GR,s40,2009,2025,away
